Source;LoadingType;ProblemInstance;ExecutionTime;ProblamGroup
SIMONIS;DISK;MODEL001;368,9563968;MODEL001
SIMONIS;DISK;MODEL002;369,3018982;MODEL002
SIMONIS;DISK;MODEL003;369,5685134;MODEL003
SIMONIS;DISK;MODEL004;372,9862258;MODEL004
SIMONIS;DISK;SET1;372,0349965;SET1
SIMONIS;DISK;SET2;378,8100731;SET2
SIMONIS;DISK;SET3;394,5506718;SET3
SIMONIS;DISK;SET4;401,2469075;SET4
SIMONIS;DISK;SET5;339,5380142;SET5
TEMPELMEIER;DISK;TM_111AA_1;120,7800677;TM_1
TEMPELMEIER;DISK;TM_112AA_1;124,8094192;TM_1
TEMPELMEIER;DISK;TM_113AA_1;127,0684912;TM_1
TEMPELMEIER;DISK;TM_114AA_1;125,2802854;TM_1
TEMPELMEIER;DISK;TM_121AA_1;123,8617558;TM_1
TEMPELMEIER;DISK;TM_122AA_1;123,3801625;TM_1
TEMPELMEIER;DISK;TM_123AA_1;120,5715902;TM_1
TEMPELMEIER;DISK;TM_124AA_1;118,4148672;TM_1
TEMPELMEIER;DISK;TM_131AA_1;122,6638994;TM_1
TEMPELMEIER;DISK;TM_132AA_1;123,1000335;TM_1
TEMPELMEIER;DISK;TM_133AA_1;123,2028089;TM_1
TEMPELMEIER;DISK;TM_134AA_1;120,9560871;TM_1
TEMPELMEIER;DISK;TM_111AA_2;122,0355868;TM_1
TEMPELMEIER;DISK;TM_112AA_2;129,6851716;TM_1
TEMPELMEIER;DISK;TM_113AA_2;123,5337346;TM_1
TEMPELMEIER;DISK;TM_114AA_2;121,8633928;TM_1
TEMPELMEIER;DISK;TM_121AA_2;126,5027697;TM_1
TEMPELMEIER;DISK;TM_122AA_2;133,0031164;TM_1
TEMPELMEIER;DISK;TM_123AA_2;124,2767565;TM_1
TEMPELMEIER;DISK;TM_124AA_2;146,2555876;TM_1
TEMPELMEIER;DISK;TM_131AA_2;156,5495524;TM_1
TEMPELMEIER;DISK;TM_132AA_2;129,1709678;TM_1
TEMPELMEIER;DISK;TM_133AA_2;126,8954885;TM_1
TEMPELMEIER;DISK;TM_134AA_2;122,398247;TM_1
TEMPELMEIER;DISK;TM_111AC_1;119,3976805;TM_1
TEMPELMEIER;DISK;TM_112AC_1;120,3334172;TM_1
TEMPELMEIER;DISK;TM_113AC_1;125,4426706;TM_1
TEMPELMEIER;DISK;TM_114AC_1;121,1173882;TM_1
TEMPELMEIER;DISK;TM_121AC_1;126,3835576;TM_1
TEMPELMEIER;DISK;TM_122AC_1;118,8469422;TM_1
TEMPELMEIER;DISK;TM_123AC_1;118,7210898;TM_1
TEMPELMEIER;DISK;TM_124AC_1;119,3081801;TM_1
TEMPELMEIER;DISK;TM_131AC_1;115,8108332;TM_1
TEMPELMEIER;DISK;TM_132AC_1;116,4199092;TM_1
TEMPELMEIER;DISK;TM_133AC_1;115,9367983;TM_1
TEMPELMEIER;DISK;TM_134AC_1;117,4681106;TM_1
TEMPELMEIER;DISK;TM_111AC_2;116,3649535;TM_1
TEMPELMEIER;DISK;TM_112AC_2;115,8518775;TM_1
TEMPELMEIER;DISK;TM_113AC_2;114,9061484;TM_1
TEMPELMEIER;DISK;TM_114AC_2;116,0664856;TM_1
TEMPELMEIER;DISK;TM_121AC_2;121,6839156;TM_1
TEMPELMEIER;DISK;TM_122AC_2;116,8600736;TM_1
TEMPELMEIER;DISK;TM_123AC_2;134,0856524;TM_1
TEMPELMEIER;DISK;TM_124AC_2;118,0728154;TM_1
TEMPELMEIER;DISK;TM_131AC_2;115,9853585;TM_1
TEMPELMEIER;DISK;TM_132AC_2;118,9958565;TM_1
TEMPELMEIER;DISK;TM_133AC_2;116,8343272;TM_1
TEMPELMEIER;DISK;TM_134AC_2;116,1604536;TM_1
TEMPELMEIER;DISK;TM_111GA_1;117,2676277;TM_1
TEMPELMEIER;DISK;TM_112GA_1;115,6082029;TM_1
TEMPELMEIER;DISK;TM_113GA_1;119,497551;TM_1
TEMPELMEIER;DISK;TM_114GA_1;114,6806068;TM_1
TEMPELMEIER;DISK;TM_121GA_1;115,4548643;TM_1
TEMPELMEIER;DISK;TM_122GA_1;116,1918621;TM_1
TEMPELMEIER;DISK;TM_123GA_1;115,8855302;TM_1
TEMPELMEIER;DISK;TM_124GA_1;121,846195;TM_1
TEMPELMEIER;DISK;TM_131GA_1;119,7091253;TM_1
TEMPELMEIER;DISK;TM_132GA_1;115,4832244;TM_1
TEMPELMEIER;DISK;TM_133GA_1;115,3756466;TM_1
TEMPELMEIER;DISK;TM_134GA_1;117,8264675;TM_1
TEMPELMEIER;DISK;TM_111GA_2;117,372144;TM_1
TEMPELMEIER;DISK;TM_112GA_2;117,2337203;TM_1
TEMPELMEIER;DISK;TM_113GA_2;115,6723008;TM_1
TEMPELMEIER;DISK;TM_114GA_2;116,0928485;TM_1
TEMPELMEIER;DISK;TM_121GA_2;119,178757;TM_1
TEMPELMEIER;DISK;TM_122GA_2;116,9131196;TM_1
TEMPELMEIER;DISK;TM_123GA_2;115,5442591;TM_1
TEMPELMEIER;DISK;TM_124GA_2;115,9041095;TM_1
TEMPELMEIER;DISK;TM_131GA_2;118,536288;TM_1
TEMPELMEIER;DISK;TM_132GA_2;132,8922143;TM_1
TEMPELMEIER;DISK;TM_133GA_2;118,3923209;TM_1
TEMPELMEIER;DISK;TM_134GA_2;121,9526656;TM_1
TEMPELMEIER;DISK;TM_111GC_1;116,0719979;TM_1
TEMPELMEIER;DISK;TM_112GC_1;116,4500911;TM_1
TEMPELMEIER;DISK;TM_113GC_1;119,9248705;TM_1
TEMPELMEIER;DISK;TM_114GC_1;116,8449535;TM_1
TEMPELMEIER;DISK;TM_121GC_1;116,1874161;TM_1
TEMPELMEIER;DISK;TM_122GC_1;115,7055547;TM_1
TEMPELMEIER;DISK;TM_123GC_1;116,767796;TM_1
TEMPELMEIER;DISK;TM_124GC_1;119,2469053;TM_1
TEMPELMEIER;DISK;TM_131GC_1;114,7073674;TM_1
TEMPELMEIER;DISK;TM_132GC_1;116,4920084;TM_1
TEMPELMEIER;DISK;TM_133GC_1;115,053153;TM_1
TEMPELMEIER;DISK;TM_134GC_1;116,9665651;TM_1
TEMPELMEIER;DISK;TM_111GC_2;115,972831;TM_1
TEMPELMEIER;DISK;TM_112GC_2;116,1525633;TM_1
TEMPELMEIER;DISK;TM_113GC_2;116,3018765;TM_1
TEMPELMEIER;DISK;TM_114GC_2;116,7282612;TM_1
TEMPELMEIER;DISK;TM_121GC_2;119,395164;TM_1
TEMPELMEIER;DISK;TM_122GC_2;116,1520061;TM_1
TEMPELMEIER;DISK;TM_123GC_2;116,7685633;TM_1
TEMPELMEIER;DISK;TM_124GC_2;114,9564681;TM_1
TEMPELMEIER;DISK;TM_131GC_2;116,1782904;TM_1
TEMPELMEIER;DISK;TM_132GC_2;117,7512524;TM_1
TEMPELMEIER;DISK;TM_133GC_2;114,9671302;TM_1
TEMPELMEIER;DISK;TM_134GC_2;114,8089714;TM_1
TEMPELMEIER;DISK;TM_211AA_1;115,2730198;TM_2
TEMPELMEIER;DISK;TM_212AA_1;116,0990796;TM_2
TEMPELMEIER;DISK;TM_213AA_1;120,0014491;TM_2
TEMPELMEIER;DISK;TM_214AA_1;115,4983637;TM_2
TEMPELMEIER;DISK;TM_221AA_1;118,0207944;TM_2
TEMPELMEIER;DISK;TM_222AA_1;115,1674182;TM_2
TEMPELMEIER;DISK;TM_223AA_1;116,1125052;TM_2
TEMPELMEIER;DISK;TM_224AA_1;119,8998353;TM_2
TEMPELMEIER;DISK;TM_231AA_1;116,0798233;TM_2
TEMPELMEIER;DISK;TM_232AA_1;115,1898398;TM_2
TEMPELMEIER;DISK;TM_233AA_1;116,5900316;TM_2
TEMPELMEIER;DISK;TM_234AA_1;115,6489553;TM_2
TEMPELMEIER;DISK;TM_211AA_2;118,0983245;TM_2
TEMPELMEIER;DISK;TM_212AA_2;115,0364714;TM_2
TEMPELMEIER;DISK;TM_213AA_2;117,8814702;TM_2
TEMPELMEIER;DISK;TM_214AA_2;119,6512585;TM_2
TEMPELMEIER;DISK;TM_221AA_2;118,2829766;TM_2
TEMPELMEIER;DISK;TM_222AA_2;115,2626376;TM_2
TEMPELMEIER;DISK;TM_223AA_2;114,3292351;TM_2
TEMPELMEIER;DISK;TM_224AA_2;114,2693193;TM_2
TEMPELMEIER;DISK;TM_231AA_2;115,7872593;TM_2
TEMPELMEIER;DISK;TM_232AA_2;117,7337954;TM_2
TEMPELMEIER;DISK;TM_233AA_2;114,5950813;TM_2
TEMPELMEIER;DISK;TM_234AA_2;116,0746465;TM_2
TEMPELMEIER;DISK;TM_211AC_1;114,308677;TM_2
TEMPELMEIER;DISK;TM_212AC_1;117,2710872;TM_2
TEMPELMEIER;DISK;TM_213AC_1;119,5840704;TM_2
TEMPELMEIER;DISK;TM_214AC_1;114,5402441;TM_2
TEMPELMEIER;DISK;TM_221AC_1;115,6281843;TM_2
TEMPELMEIER;DISK;TM_222AC_1;115,4416535;TM_2
TEMPELMEIER;DISK;TM_223AC_1;116,4773602;TM_2
TEMPELMEIER;DISK;TM_224AC_1;120,405092;TM_2
TEMPELMEIER;DISK;TM_231AC_1;128,4721937;TM_2
TEMPELMEIER;DISK;TM_232AC_1;124,3794272;TM_2
TEMPELMEIER;DISK;TM_233AC_1;120,3413134;TM_2
TEMPELMEIER;DISK;TM_234AC_1;127,7592275;TM_2
TEMPELMEIER;DISK;TM_211AC_2;122,160846;TM_2
TEMPELMEIER;DISK;TM_212AC_2;124,3986642;TM_2
TEMPELMEIER;DISK;TM_213AC_2;120,3397593;TM_2
TEMPELMEIER;DISK;TM_214AC_2;125,1501167;TM_2
TEMPELMEIER;DISK;TM_221AC_2;125,2820089;TM_2
TEMPELMEIER;DISK;TM_222AC_2;122,409734;TM_2
TEMPELMEIER;DISK;TM_223AC_2;120,7174807;TM_2
TEMPELMEIER;DISK;TM_224AC_2;121,4922404;TM_2
TEMPELMEIER;DISK;TM_231AC_2;119,9885604;TM_2
TEMPELMEIER;DISK;TM_232AC_2;132,8931937;TM_2
TEMPELMEIER;DISK;TM_233AC_2;128,8204906;TM_2
TEMPELMEIER;DISK;TM_234AC_2;127,1164496;TM_2
TEMPELMEIER;DISK;TM_211GA_1;139,0487082;TM_2
TEMPELMEIER;DISK;TM_212GA_1;126,4376228;TM_2
TEMPELMEIER;DISK;TM_213GA_1;133,6642077;TM_2
TEMPELMEIER;DISK;TM_214GA_1;137,6288073;TM_2
TEMPELMEIER;DISK;TM_221GA_1;140,805738;TM_2
TEMPELMEIER;DISK;TM_222GA_1;136,3975246;TM_2
TEMPELMEIER;DISK;TM_223GA_1;136,7752359;TM_2
TEMPELMEIER;DISK;TM_224GA_1;128,7083435;TM_2
TEMPELMEIER;DISK;TM_231GA_1;122,1985588;TM_2
TEMPELMEIER;DISK;TM_232GA_1;121,233963;TM_2
TEMPELMEIER;DISK;TM_233GA_1;122,6809287;TM_2
TEMPELMEIER;DISK;TM_234GA_1;117,0046797;TM_2
TEMPELMEIER;DISK;TM_211GA_2;115,711905;TM_2
TEMPELMEIER;DISK;TM_212GA_2;113,8105454;TM_2
TEMPELMEIER;DISK;TM_213GA_2;113,9796708;TM_2
TEMPELMEIER;DISK;TM_214GA_2;116,2468319;TM_2
TEMPELMEIER;DISK;TM_221GA_2;114,9666224;TM_2
TEMPELMEIER;DISK;TM_222GA_2;114,2881138;TM_2
TEMPELMEIER;DISK;TM_223GA_2;116,6128738;TM_2
TEMPELMEIER;DISK;TM_224GA_2;115,5588651;TM_2
TEMPELMEIER;DISK;TM_231GA_2;114,7524192;TM_2
TEMPELMEIER;DISK;TM_232GA_2;116,1700289;TM_2
TEMPELMEIER;DISK;TM_233GA_2;115,8954704;TM_2
TEMPELMEIER;DISK;TM_234GA_2;113,1815095;TM_2
TEMPELMEIER;DISK;TM_211GC_1;118,6788065;TM_2
TEMPELMEIER;DISK;TM_212GC_1;114,1596751;TM_2
TEMPELMEIER;DISK;TM_213GC_1;114,4860697;TM_2
TEMPELMEIER;DISK;TM_214GC_1;113,9893231;TM_2
TEMPELMEIER;DISK;TM_221GC_1;113,8080487;TM_2
TEMPELMEIER;DISK;TM_222GC_1;115,6203322;TM_2
TEMPELMEIER;DISK;TM_223GC_1;112,5034933;TM_2
TEMPELMEIER;DISK;TM_224GC_1;113,2933655;TM_2
TEMPELMEIER;DISK;TM_231GC_1;114,8670838;TM_2
TEMPELMEIER;DISK;TM_232GC_1;113,5335889;TM_2
TEMPELMEIER;DISK;TM_233GC_1;115,5285103;TM_2
TEMPELMEIER;DISK;TM_234GC_1;112,6536469;TM_2
TEMPELMEIER;DISK;TM_211GC_2;112,2184896;TM_2
TEMPELMEIER;DISK;TM_212GC_2;112,9654329;TM_2
TEMPELMEIER;DISK;TM_213GC_2;115,0465415;TM_2
TEMPELMEIER;DISK;TM_214GC_2;116,5570352;TM_2
TEMPELMEIER;DISK;TM_221GC_2;114,528415;TM_2
TEMPELMEIER;DISK;TM_222GC_2;116,3679585;TM_2
TEMPELMEIER;DISK;TM_223GC_2;114,3485694;TM_2
TEMPELMEIER;DISK;TM_224GC_2;113,8287845;TM_2
TEMPELMEIER;DISK;TM_231GC_2;115,2805588;TM_2
TEMPELMEIER;DISK;TM_232GC_2;112,2005975;TM_2
TEMPELMEIER;DISK;TM_233GC_2;112,6233788;TM_2
TEMPELMEIER;DISK;TM_234GC_2;112,3596582;TM_2
TEMPELMEIER;DISK;TM_311AA_1;113,3670194;TM_3
TEMPELMEIER;DISK;TM_312AA_1;115,2486699;TM_3
TEMPELMEIER;DISK;TM_321AA_1;113,3012018;TM_3
TEMPELMEIER;DISK;TM_322AA_1;113,6944613;TM_3
TEMPELMEIER;DISK;TM_331AA_1;115,6007395;TM_3
TEMPELMEIER;DISK;TM_332AA_1;113,5754769;TM_3
TEMPELMEIER;DISK;TM_311AA_2;116,5516567;TM_3
TEMPELMEIER;DISK;TM_312AA_2;114,4689298;TM_3
TEMPELMEIER;DISK;TM_321AA_2;114,1898494;TM_3
TEMPELMEIER;DISK;TM_322AA_2;112,2952893;TM_3
TEMPELMEIER;DISK;TM_331AA_2;113,6420603;TM_3
TEMPELMEIER;DISK;TM_332AA_2;114,571208;TM_3
TEMPELMEIER;DISK;TM_311AC_1;112,6910319;TM_3
TEMPELMEIER;DISK;TM_312AC_1;112,5078566;TM_3
TEMPELMEIER;DISK;TM_321AC_1;112,9277022;TM_3
TEMPELMEIER;DISK;TM_322AC_1;111,9819562;TM_3
TEMPELMEIER;DISK;TM_331AC_1;114,2796881;TM_3
TEMPELMEIER;DISK;TM_332AC_1;112,4202182;TM_3
TEMPELMEIER;DISK;TM_311AC_2;112,1291356;TM_3
TEMPELMEIER;DISK;TM_312AC_2;113,9030528;TM_3
TEMPELMEIER;DISK;TM_321AC_2;113,8311799;TM_3
TEMPELMEIER;DISK;TM_322AC_2;117,2706776;TM_3
TEMPELMEIER;DISK;TM_331AC_2;115,1935852;TM_3
TEMPELMEIER;DISK;TM_332AC_2;117,0728011;TM_3
TEMPELMEIER;DISK;TM_311GA_1;116,0504787;TM_3
TEMPELMEIER;DISK;TM_312GA_1;115,2755198;TM_3
TEMPELMEIER;DISK;TM_321GA_1;116,5704672;TM_3
TEMPELMEIER;DISK;TM_322GA_1;113,5703125;TM_3
TEMPELMEIER;DISK;TM_331GA_1;114,768497;TM_3
TEMPELMEIER;DISK;TM_332GA_1;116,8241487;TM_3
TEMPELMEIER;DISK;TM_311GA_2;116,2435303;TM_3
TEMPELMEIER;DISK;TM_312GA_2;115,250839;TM_3
TEMPELMEIER;DISK;TM_321GA_2;113,554446;TM_3
TEMPELMEIER;DISK;TM_322GA_2;112,2895508;TM_3
TEMPELMEIER;DISK;TM_331GA_2;112,6904182;TM_3
TEMPELMEIER;DISK;TM_332GA_2;113,3866935;TM_3
TEMPELMEIER;DISK;TM_311GC_1;117,9060102;TM_3
TEMPELMEIER;DISK;TM_312GC_1;113,0154173;TM_3
TEMPELMEIER;DISK;TM_321GC_1;114,9673939;TM_3
TEMPELMEIER;DISK;TM_322GC_1;113,3097355;TM_3
TEMPELMEIER;DISK;TM_331GC_1;113,2638865;TM_3
TEMPELMEIER;DISK;TM_332GC_1;114,3952281;TM_3
TEMPELMEIER;DISK;TM_311GC_2;112,0312612;TM_3
TEMPELMEIER;DISK;TM_312GC_2;113,5533273;TM_3
TEMPELMEIER;DISK;TM_321GC_2;112,940634;TM_3
TEMPELMEIER;DISK;TM_322GC_2;114,271467;TM_3
TEMPELMEIER;DISK;TM_331GC_2;115,6573906;TM_3
TEMPELMEIER;DISK;TM_332GC_2;112,3653755;TM_3
TEMPELMEIER;DISK;TM_411AA_1;112,9200034;TM_4
TEMPELMEIER;DISK;TM_412AA_1;112,4377682;TM_4
TEMPELMEIER;DISK;TM_421AA_1;120,2246606;TM_4
TEMPELMEIER;DISK;TM_422AA_1;117,430373;TM_4
TEMPELMEIER;DISK;TM_431AA_1;114,8388522;TM_4
TEMPELMEIER;DISK;TM_432AA_1;115,8247862;TM_4
TEMPELMEIER;DISK;TM_411AA_2;113,3233786;TM_4
TEMPELMEIER;DISK;TM_412AA_2;113,77806;TM_4
TEMPELMEIER;DISK;TM_421AA_2;113,3732929;TM_4
TEMPELMEIER;DISK;TM_422AA_2;115,5897846;TM_4
TEMPELMEIER;DISK;TM_431AA_2;113,4857271;TM_4
TEMPELMEIER;DISK;TM_432AA_2;112,9322903;TM_4
TEMPELMEIER;DISK;TM_411AC_1;115,1071849;TM_4
TEMPELMEIER;DISK;TM_412AC_1;113,7622526;TM_4
TEMPELMEIER;DISK;TM_421AC_1;112,8319983;TM_4
TEMPELMEIER;DISK;TM_422AC_1;112,2972519;TM_4
TEMPELMEIER;DISK;TM_431AC_1;112,0755837;TM_4
TEMPELMEIER;DISK;TM_432AC_1;115,6879394;TM_4
TEMPELMEIER;DISK;TM_411AC_2;113,5546315;TM_4
TEMPELMEIER;DISK;TM_412AC_2;112,669425;TM_4
TEMPELMEIER;DISK;TM_421AC_2;115,2092493;TM_4
TEMPELMEIER;DISK;TM_422AC_2;112,1303468;TM_4
TEMPELMEIER;DISK;TM_431AC_2;114,8189559;TM_4
TEMPELMEIER;DISK;TM_432AC_2;112,8148692;TM_4
TEMPELMEIER;DISK;TM_411GA_1;112,5373487;TM_4
TEMPELMEIER;DISK;TM_412GA_1;112,6758869;TM_4
TEMPELMEIER;DISK;TM_421GA_1;112,078335;TM_4
TEMPELMEIER;DISK;TM_422GA_1;113,7811248;TM_4
TEMPELMEIER;DISK;TM_431GA_1;112,9119308;TM_4
TEMPELMEIER;DISK;TM_432GA_1;112,4154496;TM_4
TEMPELMEIER;DISK;TM_411GA_2;113,7658391;TM_4
TEMPELMEIER;DISK;TM_412GA_2;111,878279;TM_4
TEMPELMEIER;DISK;TM_421GA_2;115,7248852;TM_4
TEMPELMEIER;DISK;TM_422GA_2;113,786067;TM_4
TEMPELMEIER;DISK;TM_431GA_2;113,7426805;TM_4
TEMPELMEIER;DISK;TM_432GA_2;114,7890794;TM_4
TEMPELMEIER;DISK;TM_411GC_1;113,4272881;TM_4
TEMPELMEIER;DISK;TM_412GC_1;114,3422587;TM_4
TEMPELMEIER;DISK;TM_421GC_1;113,1415994;TM_4
TEMPELMEIER;DISK;TM_422GC_1;113,1942303;TM_4
TEMPELMEIER;DISK;TM_431GC_1;112,7722781;TM_4
TEMPELMEIER;DISK;TM_432GC_1;114,367172;TM_4
TEMPELMEIER;DISK;TM_411GC_2;115,9255385;TM_4
TEMPELMEIER;DISK;TM_412GC_2;112,5662222;TM_4
TEMPELMEIER;DISK;TM_421GC_2;111,3805094;TM_4
TEMPELMEIER;DISK;TM_422GC_2;112,5293903;TM_4
TEMPELMEIER;DISK;TM_431GC_2;111,7732813;TM_4
TEMPELMEIER;DISK;TM_432GC_2;114,5302701;TM_4
TEMPELMEIER;DISK;TM_511AA_1;111,7734842;TM_5
TEMPELMEIER;DISK;TM_512AA_1;113,3886857;TM_5
TEMPELMEIER;DISK;TM_521AA_1;112,822171;TM_5
TEMPELMEIER;DISK;TM_522AA_1;111,8818109;TM_5
TEMPELMEIER;DISK;TM_531AA_1;114,3525841;TM_5
TEMPELMEIER;DISK;TM_532AA_1;113,0661623;TM_5
TEMPELMEIER;DISK;TM_511AA_2;113,4484115;TM_5
TEMPELMEIER;DISK;TM_512AA_2;113,164423;TM_5
TEMPELMEIER;DISK;TM_521AA_2;113,7237287;TM_5
TEMPELMEIER;DISK;TM_522AA_2;114,8677294;TM_5
TEMPELMEIER;DISK;TM_531AA_2;112,9115129;TM_5
TEMPELMEIER;DISK;TM_532AA_2;111,9873958;TM_5
TEMPELMEIER;DISK;TM_511AC_1;113,3111193;TM_5
TEMPELMEIER;DISK;TM_512AC_1;113,3805687;TM_5
TEMPELMEIER;DISK;TM_521AC_1;118,1332645;TM_5
TEMPELMEIER;DISK;TM_522AC_1;113,7862122;TM_5
TEMPELMEIER;DISK;TM_531AC_1;114,8827059;TM_5
TEMPELMEIER;DISK;TM_532AC_1;113,9829307;TM_5
TEMPELMEIER;DISK;TM_511AC_2;112,6436687;TM_5
TEMPELMEIER;DISK;TM_512AC_2;114,3868327;TM_5
TEMPELMEIER;DISK;TM_521AC_2;112,6730032;TM_5
TEMPELMEIER;DISK;TM_522AC_2;128,6856802;TM_5
TEMPELMEIER;DISK;TM_531AC_2;117,1025777;TM_5
TEMPELMEIER;DISK;TM_532AC_2;113,9801207;TM_5
TEMPELMEIER;DISK;TM_511GA_1;116,074472;TM_5
TEMPELMEIER;DISK;TM_512GA_1;113,5279388;TM_5
TEMPELMEIER;DISK;TM_521GA_1;112,0808837;TM_5
TEMPELMEIER;DISK;TM_522GA_1;112,3354158;TM_5
TEMPELMEIER;DISK;TM_531GA_1;113,875984;TM_5
TEMPELMEIER;DISK;TM_532GA_1;117,248858;TM_5
TEMPELMEIER;DISK;TM_511GA_2;112,3771143;TM_5
TEMPELMEIER;DISK;TM_512GA_2;114,7064443;TM_5
TEMPELMEIER;DISK;TM_521GA_2;114,0910847;TM_5
TEMPELMEIER;DISK;TM_522GA_2;114,2371709;TM_5
TEMPELMEIER;DISK;TM_531GA_2;117,0815642;TM_5
TEMPELMEIER;DISK;TM_532GA_2;113,3650062;TM_5
TEMPELMEIER;DISK;TM_511GC_1;112,6106515;TM_5
TEMPELMEIER;DISK;TM_512GC_1;114,8298414;TM_5
TEMPELMEIER;DISK;TM_521GC_1;113,0957212;TM_5
TEMPELMEIER;DISK;TM_522GC_1;114,4154189;TM_5
TEMPELMEIER;DISK;TM_531GC_1;112,0744236;TM_5
TEMPELMEIER;DISK;TM_532GC_1;112,3359556;TM_5
TEMPELMEIER;DISK;TM_511GC_2;111,9436004;TM_5
TEMPELMEIER;DISK;TM_512GC_2;117,9821901;TM_5
TEMPELMEIER;DISK;TM_521GC_2;118,4875748;TM_5
TEMPELMEIER;DISK;TM_522GC_2;116,5323701;TM_5
TEMPELMEIER;DISK;TM_531GC_2;114,0748556;TM_5
TEMPELMEIER;DISK;TM_532GC_2;113,9997196;TM_5
TEMPELMEIER;DISK;TM_611AA_1;113,8803122;TM_6
TEMPELMEIER;DISK;TM_612AA_1;114,3974159;TM_6
TEMPELMEIER;DISK;TM_621AA_1;112,4781899;TM_6
TEMPELMEIER;DISK;TM_622AA_1;113,0515451;TM_6
TEMPELMEIER;DISK;TM_631AA_1;113,7430487;TM_6
TEMPELMEIER;DISK;TM_632AA_1;113,8904223;TM_6
TEMPELMEIER;DISK;TM_611AA_2;114,2246292;TM_6
TEMPELMEIER;DISK;TM_612AA_2;112,160239;TM_6
TEMPELMEIER;DISK;TM_621AA_2;113,3332913;TM_6
TEMPELMEIER;DISK;TM_622AA_2;112,6556723;TM_6
TEMPELMEIER;DISK;TM_631AA_2;112,6093812;TM_6
TEMPELMEIER;DISK;TM_632AA_2;114,0812864;TM_6
TEMPELMEIER;DISK;TM_611AC_1;112,2531316;TM_6
TEMPELMEIER;DISK;TM_612AC_1;112,9538248;TM_6
TEMPELMEIER;DISK;TM_621AC_1;113,5934021;TM_6
TEMPELMEIER;DISK;TM_622AC_1;112,2559109;TM_6
TEMPELMEIER;DISK;TM_631AC_1;114,3125429;TM_6
TEMPELMEIER;DISK;TM_632AC_1;113,3828661;TM_6
TEMPELMEIER;DISK;TM_611AC_2;112,1340873;TM_6
TEMPELMEIER;DISK;TM_612AC_2;112,4274485;TM_6
TEMPELMEIER;DISK;TM_621AC_2;113,2798316;TM_6
TEMPELMEIER;DISK;TM_622AC_2;114,9482169;TM_6
TEMPELMEIER;DISK;TM_631AC_2;113,0406356;TM_6
TEMPELMEIER;DISK;TM_632AC_2;112,0849316;TM_6
TEMPELMEIER;DISK;TM_611GA_1;111,7090876;TM_6
TEMPELMEIER;DISK;TM_612GA_1;113,2635937;TM_6
TEMPELMEIER;DISK;TM_621GA_1;115,1987998;TM_6
TEMPELMEIER;DISK;TM_622GA_1;126,5101149;TM_6
TEMPELMEIER;DISK;TM_631GA_1;115,6493986;TM_6
TEMPELMEIER;DISK;TM_632GA_1;114,1023071;TM_6
TEMPELMEIER;DISK;TM_611GA_2;114,0213439;TM_6
TEMPELMEIER;DISK;TM_612GA_2;112,270427;TM_6
TEMPELMEIER;DISK;TM_621GA_2;113,0556319;TM_6
TEMPELMEIER;DISK;TM_622GA_2;112,5405166;TM_6
TEMPELMEIER;DISK;TM_631GA_2;113,8299203;TM_6
TEMPELMEIER;DISK;TM_632GA_2;114,5369768;TM_6
TEMPELMEIER;DISK;TM_611GC_1;112,2329361;TM_6
TEMPELMEIER;DISK;TM_612GC_1;114,2470262;TM_6
TEMPELMEIER;DISK;TM_621GC_1;112,6650534;TM_6
TEMPELMEIER;DISK;TM_622GC_1;112,8225112;TM_6
TEMPELMEIER;DISK;TM_631GC_1;114,9308069;TM_6
TEMPELMEIER;DISK;TM_632GC_1;113,0620944;TM_6
TEMPELMEIER;DISK;TM_611GC_2;112,6337481;TM_6
TEMPELMEIER;DISK;TM_612GC_2;113,1915052;TM_6
TEMPELMEIER;DISK;TM_621GC_2;112,6914601;TM_6
TEMPELMEIER;DISK;TM_622GC_2;113,5087268;TM_6
TEMPELMEIER;DISK;TM_631GC_2;112,1496272;TM_6
TEMPELMEIER;DISK;TM_632GC_2;113,3808002;TM_6
AKARTUNALI;DISK;AKARTUNALI_SET1;15,07391405;AKARTUNALI_SET1
AKARTUNALI;DISK;AKARTUNALI_SET2;15,33188319;AKARTUNALI_SET2
AKARTUNALI;DISK;AKARTUNALI_SET3;15,12027812;AKARTUNALI_SET3
AKARTUNALI;DISK;AKARTUNALI_SET4;15,07737494;AKARTUNALI_SET4
SUERIE;DISK;SUERIE_0001;11,46823144;SUERIE_1
SUERIE;DISK;SUERIE_0002;11,5109756;SUERIE_1
SUERIE;DISK;SUERIE_0003;11,49951744;SUERIE_1
SUERIE;DISK;SUERIE_0004;11,47685575;SUERIE_1
SUERIE;DISK;SUERIE_0005;11,58192182;SUERIE_1
SUERIE;DISK;SUERIE_0006;11,46685266;SUERIE_1
SUERIE;DISK;SUERIE_0007;11,54221988;SUERIE_1
SUERIE;DISK;SUERIE_0008;11,4949708;SUERIE_1
SUERIE;DISK;SUERIE_0009;11,57428098;SUERIE_1
SUERIE;DISK;SUERIE_0010;11,81321001;SUERIE_1
SUERIE;DISK;SUERIE_0011;11,37028027;SUERIE_1
SUERIE;DISK;SUERIE_0012;12,32253504;SUERIE_1
SUERIE;DISK;SUERIE_0013;11,44368958;SUERIE_1
SUERIE;DISK;SUERIE_0014;11,57457089;SUERIE_1
SUERIE;DISK;SUERIE_0015;11,41509557;SUERIE_1
SUERIE;DISK;SUERIE_0016;11,52829599;SUERIE_1
SUERIE;DISK;SUERIE_0017;11,60268617;SUERIE_1
SUERIE;DISK;SUERIE_0018;11,58387542;SUERIE_1
SUERIE;DISK;SUERIE_0019;11,45411444;SUERIE_1
SUERIE;DISK;SUERIE_0020;11,50617242;SUERIE_1
SUERIE;DISK;SUERIE_0021;11,50578141;SUERIE_1
SUERIE;DISK;SUERIE_0022;11,43093514;SUERIE_1
SUERIE;DISK;SUERIE_0023;11,34766436;SUERIE_1
SUERIE;DISK;SUERIE_0024;11,4869504;SUERIE_1
SUERIE;DISK;SUERIE_0025;11,44150281;SUERIE_1
SUERIE;DISK;SUERIE_0026;11,97623682;SUERIE_1
SUERIE;DISK;SUERIE_0027;11,70540118;SUERIE_1
SUERIE;DISK;SUERIE_0028;11,49154973;SUERIE_1
SUERIE;DISK;SUERIE_0029;11,37585402;SUERIE_1
SUERIE;DISK;SUERIE_0030;11,39590931;SUERIE_1
SUERIE;DISK;SUERIE_0031;11,34254146;SUERIE_1
SUERIE;DISK;SUERIE_0032;11,4198184;SUERIE_1
SUERIE;DISK;SUERIE_0033;11,38188338;SUERIE_1
SUERIE;DISK;SUERIE_0034;11,49774337;SUERIE_1
SUERIE;DISK;SUERIE_0035;11,40673637;SUERIE_1
SUERIE;DISK;SUERIE_0036;11,43363333;SUERIE_1
SUERIE;DISK;SUERIE_0037;11,34503627;SUERIE_1
SUERIE;DISK;SUERIE_0038;11,52629423;SUERIE_1
SUERIE;DISK;SUERIE_0039;11,44825959;SUERIE_1
SUERIE;DISK;SUERIE_0040;11,47165465;SUERIE_1
SUERIE;DISK;SUERIE_0041;11,4463625;SUERIE_1
SUERIE;DISK;SUERIE_0042;11,54708362;SUERIE_1
SUERIE;DISK;SUERIE_0043;11,38110876;SUERIE_1
SUERIE;DISK;SUERIE_0044;13,06952834;SUERIE_1
SUERIE;DISK;SUERIE_0045;11,4070971;SUERIE_1
SUERIE;DISK;SUERIE_0046;11,50412107;SUERIE_1
SUERIE;DISK;SUERIE_0047;11,38757515;SUERIE_1
SUERIE;DISK;SUERIE_0048;11,51292944;SUERIE_1
SUERIE;DISK;SUERIE_0049;11,46543431;SUERIE_1
SUERIE;DISK;SUERIE_0050;11,58869743;SUERIE_1
SUERIE;DISK;SUERIE_0051;13,65219641;SUERIE_1
SUERIE;DISK;SUERIE_0052;11,61552334;SUERIE_1
SUERIE;DISK;SUERIE_0053;11,78109002;SUERIE_1
SUERIE;DISK;SUERIE_0054;11,53871083;SUERIE_1
SUERIE;DISK;SUERIE_0055;11,85445309;SUERIE_1
SUERIE;DISK;SUERIE_0056;11,58853579;SUERIE_1
SUERIE;DISK;SUERIE_0057;11,40657544;SUERIE_1
SUERIE;DISK;SUERIE_0058;11,52414203;SUERIE_1
SUERIE;DISK;SUERIE_0059;11,40737534;SUERIE_1
SUERIE;DISK;SUERIE_0060;11,62341189;SUERIE_1
SIMONS;DB;MODEL001;17,07789254;MODEL001
SIMONS;DB;MODEL002;17,04837394;MODEL002
SIMONS;DB;MODEL003;19,55600166;MODEL003
SIMONS;DB;MODEL004;20,5451889;MODEL004
SIMONS;DB;SET1;18,70662093;SET1
SIMONS;DB;SET2;18,90986347;SET2
SIMONS;DB;SET3;23,79839993;SET3
SIMONS;DB;SET4;25,89117384;SET4
SIMONS;DB;SET5;27,70035195;SET5
AKARTUNALI;DB;AKARTUNALI_SET1;16,80287004;AKARTUNALI_SET1
AKARTUNALI;DB;AKARTUNALI_SET2;16,87162423;AKARTUNALI_SET2
AKARTUNALI;DB;AKARTUNALI_SET3;16,62650371;AKARTUNALI_SET3
AKARTUNALI;DB;AKARTUNALI_SET4;17,16399646;AKARTUNALI_SET4
SUERIE;DB;SUERIE_0001;12,23193312;SUERIE_1
SUERIE;DB;SUERIE_0002;12,51577282;SUERIE_1
SUERIE;DB;SUERIE_0003;12,70479751;SUERIE_1
SUERIE;DB;SUERIE_0004;12,67861867;SUERIE_1
SUERIE;DB;SUERIE_0005;12,77681589;SUERIE_1
SUERIE;DB;SUERIE_0006;12,44595504;SUERIE_1
SUERIE;DB;SUERIE_0007;12,44260502;SUERIE_1
SUERIE;DB;SUERIE_0008;13,18765259;SUERIE_1
SUERIE;DB;SUERIE_0009;13,67653108;SUERIE_1
SUERIE;DB;SUERIE_0010;13,04104686;SUERIE_1
SUERIE;DB;SUERIE_0011;13,18173146;SUERIE_1
SUERIE;DB;SUERIE_0012;13,0731039;SUERIE_1
SUERIE;DB;SUERIE_0013;12,69346118;SUERIE_1
SUERIE;DB;SUERIE_0014;12,6540544;SUERIE_1
SUERIE;DB;SUERIE_0015;12,68482256;SUERIE_1
SUERIE;DB;SUERIE_0016;12,80257559;SUERIE_1
SUERIE;DB;SUERIE_0017;12,93678403;SUERIE_1
SUERIE;DB;SUERIE_0018;12,49357033;SUERIE_1
SUERIE;DB;SUERIE_0019;14,50867391;SUERIE_1
SUERIE;DB;SUERIE_0020;15,19381571;SUERIE_1
SUERIE;DB;SUERIE_0021;13,63305235;SUERIE_1
SUERIE;DB;SUERIE_0022;13,63868165;SUERIE_1
SUERIE;DB;SUERIE_0023;13,10502744;SUERIE_1
SUERIE;DB;SUERIE_0024;12,89841914;SUERIE_1
SUERIE;DB;SUERIE_0025;12,92461753;SUERIE_1
SUERIE;DB;SUERIE_0026;12,97852993;SUERIE_1
SUERIE;DB;SUERIE_0027;13,03140807;SUERIE_1
SUERIE;DB;SUERIE_0028;12,58096218;SUERIE_1
SUERIE;DB;SUERIE_0029;12,55285573;SUERIE_1
SUERIE;DB;SUERIE_0030;13,08624434;SUERIE_1
SUERIE;DB;SUERIE_0031;12,55588007;SUERIE_1
SUERIE;DB;SUERIE_0032;12,85964084;SUERIE_1
SUERIE;DB;SUERIE_0033;12,45933795;SUERIE_1
SUERIE;DB;SUERIE_0034;12,52868605;SUERIE_1
SUERIE;DB;SUERIE_0035;12,73462629;SUERIE_1
SUERIE;DB;SUERIE_0036;12,97720504;SUERIE_1
SUERIE;DB;SUERIE_0037;12,46131206;SUERIE_1
SUERIE;DB;SUERIE_0038;13,46462011;SUERIE_1
SUERIE;DB;SUERIE_0039;13,10291934;SUERIE_1
SUERIE;DB;SUERIE_0040;12,79825854;SUERIE_1
SUERIE;DB;SUERIE_0041;12,47671485;SUERIE_1
SUERIE;DB;SUERIE_0042;12,64821315;SUERIE_1
SUERIE;DB;SUERIE_0043;12,7837646;SUERIE_1
SUERIE;DB;SUERIE_0044;13,17853522;SUERIE_1
SUERIE;DB;SUERIE_0045;12,52254581;SUERIE_1
SUERIE;DB;SUERIE_0046;12,56039929;SUERIE_1
SUERIE;DB;SUERIE_0047;12,35748172;SUERIE_1
SUERIE;DB;SUERIE_0048;12,71676612;SUERIE_1
SUERIE;DB;SUERIE_0049;13,33898568;SUERIE_1
SUERIE;DB;SUERIE_0050;12,59356713;SUERIE_1
SUERIE;DB;SUERIE_0051;12,59382391;SUERIE_1
SUERIE;DB;SUERIE_0052;12,56971931;SUERIE_1
SUERIE;DB;SUERIE_0053;12,94375634;SUERIE_1
SUERIE;DB;SUERIE_0054;12,72928214;SUERIE_1
SUERIE;DB;SUERIE_0055;12,62654757;SUERIE_1
SUERIE;DB;SUERIE_0056;12,51185727;SUERIE_1
SUERIE;DB;SUERIE_0057;12,45221925;SUERIE_1
SUERIE;DB;SUERIE_0058;13,06827354;SUERIE_1
SUERIE;DB;SUERIE_0059;12,46704602;SUERIE_1
SUERIE;DB;SUERIE_0060;12,82868099;SUERIE_1
TEMPELMEIER;DB;TM_111AA_1;12,40371513;TM_1
TEMPELMEIER;DB;TM_112AA_1;12,65707088;TM_1
TEMPELMEIER;DB;TM_113AA_1;13,05025244;TM_1
TEMPELMEIER;DB;TM_114AA_1;12,78397155;TM_1
TEMPELMEIER;DB;TM_121AA_1;14,39294147;TM_1
TEMPELMEIER;DB;TM_122AA_1;14,94611883;TM_1
TEMPELMEIER;DB;TM_123AA_1;13,42935443;TM_1
TEMPELMEIER;DB;TM_124AA_1;12,73341513;TM_1
TEMPELMEIER;DB;TM_131AA_1;12,69225478;TM_1
TEMPELMEIER;DB;TM_132AA_1;12,27941203;TM_1
TEMPELMEIER;DB;TM_133AA_1;12,3580842;TM_1
TEMPELMEIER;DB;TM_134AA_1;12,75471902;TM_1
TEMPELMEIER;DB;TM_111AA_2;12,42213941;TM_1
TEMPELMEIER;DB;TM_112AA_2;15,77751136;TM_1
TEMPELMEIER;DB;TM_113AA_2;12,85524654;TM_1
TEMPELMEIER;DB;TM_114AA_2;13,38524437;TM_1
TEMPELMEIER;DB;TM_121AA_2;14,42839456;TM_1
TEMPELMEIER;DB;TM_122AA_2;14,31507277;TM_1
TEMPELMEIER;DB;TM_123AA_2;13,83494854;TM_1
TEMPELMEIER;DB;TM_124AA_2;13,12033367;TM_1
TEMPELMEIER;DB;TM_131AA_2;12,38384461;TM_1
TEMPELMEIER;DB;TM_132AA_2;12,62429547;TM_1
TEMPELMEIER;DB;TM_133AA_2;13,00861001;TM_1
TEMPELMEIER;DB;TM_134AA_2;12,47786427;TM_1
TEMPELMEIER;DB;TM_111AC_1;13,18266058;TM_1
TEMPELMEIER;DB;TM_112AC_1;13,92439532;TM_1
TEMPELMEIER;DB;TM_113AC_1;12,64433718;TM_1
TEMPELMEIER;DB;TM_114AC_1;13,17830992;TM_1
TEMPELMEIER;DB;TM_121AC_1;13,20953822;TM_1
TEMPELMEIER;DB;TM_122AC_1;13,04575086;TM_1
TEMPELMEIER;DB;TM_123AC_1;13,16926289;TM_1
TEMPELMEIER;DB;TM_124AC_1;12,20548797;TM_1
TEMPELMEIER;DB;TM_131AC_1;12,75758147;TM_1
TEMPELMEIER;DB;TM_132AC_1;12,58373046;TM_1
TEMPELMEIER;DB;TM_133AC_1;12,35563183;TM_1
TEMPELMEIER;DB;TM_134AC_1;13,52476263;TM_1
TEMPELMEIER;DB;TM_111AC_2;12,50153804;TM_1
TEMPELMEIER;DB;TM_112AC_2;12,75240397;TM_1
TEMPELMEIER;DB;TM_113AC_2;12,84439659;TM_1
TEMPELMEIER;DB;TM_114AC_2;12,61185575;TM_1
TEMPELMEIER;DB;TM_121AC_2;13,04646611;TM_1
TEMPELMEIER;DB;TM_122AC_2;12,73587465;TM_1
TEMPELMEIER;DB;TM_123AC_2;13,10744715;TM_1
TEMPELMEIER;DB;TM_124AC_2;12,87771153;TM_1
TEMPELMEIER;DB;TM_131AC_2;12,76780105;TM_1
TEMPELMEIER;DB;TM_132AC_2;13,10284996;TM_1
TEMPELMEIER;DB;TM_133AC_2;13,80032015;TM_1
TEMPELMEIER;DB;TM_134AC_2;14,04301596;TM_1
TEMPELMEIER;DB;TM_111GA_1;12,89197302;TM_1
TEMPELMEIER;DB;TM_112GA_1;14,15678668;TM_1
TEMPELMEIER;DB;TM_113GA_1;14,31680727;TM_1
TEMPELMEIER;DB;TM_114GA_1;13,09036756;TM_1
TEMPELMEIER;DB;TM_121GA_1;12,79838037;TM_1
TEMPELMEIER;DB;TM_122GA_1;13,06847596;TM_1
TEMPELMEIER;DB;TM_123GA_1;12,56969285;TM_1
TEMPELMEIER;DB;TM_124GA_1;12,94672418;TM_1
TEMPELMEIER;DB;TM_131GA_1;12,96747541;TM_1
TEMPELMEIER;DB;TM_132GA_1;12,85502839;TM_1
TEMPELMEIER;DB;TM_133GA_1;12,65583181;TM_1
TEMPELMEIER;DB;TM_134GA_1;12,78252292;TM_1
TEMPELMEIER;DB;TM_111GA_2;13,01742768;TM_1
TEMPELMEIER;DB;TM_112GA_2;12,65309119;TM_1
TEMPELMEIER;DB;TM_113GA_2;13,01355863;TM_1
TEMPELMEIER;DB;TM_114GA_2;12,73880005;TM_1
TEMPELMEIER;DB;TM_121GA_2;12,73005819;TM_1
TEMPELMEIER;DB;TM_122GA_2;13,89866042;TM_1
TEMPELMEIER;DB;TM_123GA_2;12,80064511;TM_1
TEMPELMEIER;DB;TM_124GA_2;12,49190879;TM_1
TEMPELMEIER;DB;TM_131GA_2;12,89815259;TM_1
TEMPELMEIER;DB;TM_132GA_2;12,40090108;TM_1
TEMPELMEIER;DB;TM_133GA_2;13,04503012;TM_1
TEMPELMEIER;DB;TM_134GA_2;12,70283222;TM_1
TEMPELMEIER;DB;TM_111GC_1;12,81841493;TM_1
TEMPELMEIER;DB;TM_112GC_1;12,47302127;TM_1
TEMPELMEIER;DB;TM_113GC_1;12,98975945;TM_1
TEMPELMEIER;DB;TM_114GC_1;12,80495286;TM_1
TEMPELMEIER;DB;TM_121GC_1;13,00684786;TM_1
TEMPELMEIER;DB;TM_122GC_1;12,91775465;TM_1
TEMPELMEIER;DB;TM_123GC_1;12,82326555;TM_1
TEMPELMEIER;DB;TM_124GC_1;13,10672569;TM_1
TEMPELMEIER;DB;TM_131GC_1;13,10447168;TM_1
TEMPELMEIER;DB;TM_132GC_1;12,56264305;TM_1
TEMPELMEIER;DB;TM_133GC_1;12,47451353;TM_1
TEMPELMEIER;DB;TM_134GC_1;12,74998522;TM_1
TEMPELMEIER;DB;TM_111GC_2;12,50661969;TM_1
TEMPELMEIER;DB;TM_112GC_2;12,56934667;TM_1
TEMPELMEIER;DB;TM_113GC_2;12,74211287;TM_1
TEMPELMEIER;DB;TM_114GC_2;12,89856482;TM_1
TEMPELMEIER;DB;TM_121GC_2;14,62983251;TM_1
TEMPELMEIER;DB;TM_122GC_2;14,25533032;TM_1
TEMPELMEIER;DB;TM_123GC_2;14,4410727;TM_1
TEMPELMEIER;DB;TM_124GC_2;14,34163308;TM_1
TEMPELMEIER;DB;TM_131GC_2;14,71679473;TM_1
TEMPELMEIER;DB;TM_132GC_2;15,75097442;TM_1
TEMPELMEIER;DB;TM_133GC_2;16,83401346;TM_1
TEMPELMEIER;DB;TM_134GC_2;16,89365244;TM_1
TEMPELMEIER;DB;TM_211AA_1;13,96680355;TM_2
TEMPELMEIER;DB;TM_212AA_1;15,63061285;TM_2
TEMPELMEIER;DB;TM_213AA_1;12,73516321;TM_2
TEMPELMEIER;DB;TM_214AA_1;13,27074122;TM_2
TEMPELMEIER;DB;TM_221AA_1;13,39426422;TM_2
TEMPELMEIER;DB;TM_222AA_1;12,62976313;TM_2
TEMPELMEIER;DB;TM_223AA_1;15,9219346;TM_2
TEMPELMEIER;DB;TM_224AA_1;13,09349608;TM_2
TEMPELMEIER;DB;TM_231AA_1;13,26849174;TM_2
TEMPELMEIER;DB;TM_232AA_1;12,77844238;TM_2
TEMPELMEIER;DB;TM_233AA_1;13,97850823;TM_2
TEMPELMEIER;DB;TM_234AA_1;13,15417147;TM_2
TEMPELMEIER;DB;TM_211AA_2;13,62022352;TM_2
TEMPELMEIER;DB;TM_212AA_2;12,8570776;TM_2
TEMPELMEIER;DB;TM_213AA_2;12,79216909;TM_2
TEMPELMEIER;DB;TM_214AA_2;12,56187844;TM_2
TEMPELMEIER;DB;TM_221AA_2;12,79922247;TM_2
TEMPELMEIER;DB;TM_222AA_2;12,68230224;TM_2
TEMPELMEIER;DB;TM_223AA_2;12,99846673;TM_2
TEMPELMEIER;DB;TM_224AA_2;13,15300918;TM_2
TEMPELMEIER;DB;TM_231AA_2;12,54319715;TM_2
TEMPELMEIER;DB;TM_232AA_2;12,83129883;TM_2
TEMPELMEIER;DB;TM_233AA_2;13,88899255;TM_2
TEMPELMEIER;DB;TM_234AA_2;12,57138944;TM_2
TEMPELMEIER;DB;TM_211AC_1;12,78982067;TM_2
TEMPELMEIER;DB;TM_212AC_1;12,31226277;TM_2
TEMPELMEIER;DB;TM_213AC_1;12,88792253;TM_2
TEMPELMEIER;DB;TM_214AC_1;13,52421641;TM_2
TEMPELMEIER;DB;TM_221AC_1;12,80010462;TM_2
TEMPELMEIER;DB;TM_222AC_1;12,73118639;TM_2
TEMPELMEIER;DB;TM_223AC_1;12,72996974;TM_2
TEMPELMEIER;DB;TM_224AC_1;13,06242967;TM_2
TEMPELMEIER;DB;TM_231AC_1;13,00504684;TM_2
TEMPELMEIER;DB;TM_232AC_1;12,69494033;TM_2
TEMPELMEIER;DB;TM_233AC_1;13,04545331;TM_2
TEMPELMEIER;DB;TM_234AC_1;12,6510725;TM_2
TEMPELMEIER;DB;TM_211AC_2;13,05772853;TM_2
TEMPELMEIER;DB;TM_212AC_2;12,76713467;TM_2
TEMPELMEIER;DB;TM_213AC_2;12,4648385;TM_2
TEMPELMEIER;DB;TM_214AC_2;12,77832174;TM_2
TEMPELMEIER;DB;TM_221AC_2;12,69847822;TM_2
TEMPELMEIER;DB;TM_222AC_2;12,86893797;TM_2
TEMPELMEIER;DB;TM_223AC_2;12,42820191;TM_2
TEMPELMEIER;DB;TM_224AC_2;13,88768339;TM_2
TEMPELMEIER;DB;TM_231AC_2;13,62713242;TM_2
TEMPELMEIER;DB;TM_232AC_2;13,06033158;TM_2
TEMPELMEIER;DB;TM_233AC_2;12,53141212;TM_2
TEMPELMEIER;DB;TM_234AC_2;14,03808331;TM_2
TEMPELMEIER;DB;TM_211GA_1;13,00498796;TM_2
TEMPELMEIER;DB;TM_212GA_1;13,30039263;TM_2
TEMPELMEIER;DB;TM_213GA_1;12,75986171;TM_2
TEMPELMEIER;DB;TM_214GA_1;12,41718769;TM_2
TEMPELMEIER;DB;TM_221GA_1;12,65845895;TM_2
TEMPELMEIER;DB;TM_222GA_1;12,76551199;TM_2
TEMPELMEIER;DB;TM_223GA_1;13,26756406;TM_2
TEMPELMEIER;DB;TM_224GA_1;12,56956816;TM_2
TEMPELMEIER;DB;TM_231GA_1;12,69673538;TM_2
TEMPELMEIER;DB;TM_232GA_1;12,93677998;TM_2
TEMPELMEIER;DB;TM_233GA_1;12,69401598;TM_2
TEMPELMEIER;DB;TM_234GA_1;12,80128002;TM_2
TEMPELMEIER;DB;TM_211GA_2;12,88463521;TM_2
TEMPELMEIER;DB;TM_212GA_2;12,95565557;TM_2
TEMPELMEIER;DB;TM_213GA_2;12,51976347;TM_2
TEMPELMEIER;DB;TM_214GA_2;12,98618889;TM_2
TEMPELMEIER;DB;TM_221GA_2;12,64018917;TM_2
TEMPELMEIER;DB;TM_222GA_2;12,71497703;TM_2
TEMPELMEIER;DB;TM_223GA_2;12,73963857;TM_2
TEMPELMEIER;DB;TM_224GA_2;12,66354656;TM_2
TEMPELMEIER;DB;TM_231GA_2;13,35252595;TM_2
TEMPELMEIER;DB;TM_232GA_2;12,76088953;TM_2
TEMPELMEIER;DB;TM_233GA_2;12,75984645;TM_2
TEMPELMEIER;DB;TM_234GA_2;12,46955252;TM_2
TEMPELMEIER;DB;TM_211GC_1;12,62527514;TM_2
TEMPELMEIER;DB;TM_212GC_1;13,18355918;TM_2
TEMPELMEIER;DB;TM_213GC_1;12,65664315;TM_2
TEMPELMEIER;DB;TM_214GC_1;12,76628852;TM_2
TEMPELMEIER;DB;TM_221GC_1;13,60797143;TM_2
TEMPELMEIER;DB;TM_222GC_1;14,82911921;TM_2
TEMPELMEIER;DB;TM_223GC_1;14,31524253;TM_2
TEMPELMEIER;DB;TM_224GC_1;13,06363845;TM_2
TEMPELMEIER;DB;TM_231GC_1;13,12702584;TM_2
TEMPELMEIER;DB;TM_232GC_1;13,21508622;TM_2
TEMPELMEIER;DB;TM_233GC_1;13,57398629;TM_2
TEMPELMEIER;DB;TM_234GC_1;12,90905905;TM_2
TEMPELMEIER;DB;TM_211GC_2;12,56194425;TM_2
TEMPELMEIER;DB;TM_212GC_2;12,76924491;TM_2
TEMPELMEIER;DB;TM_213GC_2;13,15595841;TM_2
TEMPELMEIER;DB;TM_214GC_2;12,64081311;TM_2
TEMPELMEIER;DB;TM_221GC_2;13,7706778;TM_2
TEMPELMEIER;DB;TM_222GC_2;14,67229056;TM_2
TEMPELMEIER;DB;TM_223GC_2;13,57394767;TM_2
TEMPELMEIER;DB;TM_224GC_2;12,96674967;TM_2
TEMPELMEIER;DB;TM_231GC_2;12,55630565;TM_2
TEMPELMEIER;DB;TM_232GC_2;12,49612498;TM_2
TEMPELMEIER;DB;TM_233GC_2;12,74671865;TM_2
TEMPELMEIER;DB;TM_234GC_2;13,10927653;TM_2
TEMPELMEIER;DB;TM_311AA_1;16,50748873;TM_3
TEMPELMEIER;DB;TM_312AA_1;16,61271477;TM_3
TEMPELMEIER;DB;TM_321AA_1;12,79553151;TM_3
TEMPELMEIER;DB;TM_322AA_1;13,09929967;TM_3
TEMPELMEIER;DB;TM_331AA_1;12,72529531;TM_3
TEMPELMEIER;DB;TM_332AA_1;12,75684595;TM_3
TEMPELMEIER;DB;TM_311AA_2;15,88445449;TM_3
TEMPELMEIER;DB;TM_312AA_2;16,2283442;TM_3
TEMPELMEIER;DB;TM_321AA_2;12,67660046;TM_3
TEMPELMEIER;DB;TM_322AA_2;12,56263876;TM_3
TEMPELMEIER;DB;TM_331AA_2;12,88229728;TM_3
TEMPELMEIER;DB;TM_332AA_2;12,55945849;TM_3
TEMPELMEIER;DB;TM_311AC_1;16,38876486;TM_3
TEMPELMEIER;DB;TM_312AC_1;15,97154045;TM_3
TEMPELMEIER;DB;TM_321AC_1;12,7782011;TM_3
TEMPELMEIER;DB;TM_322AC_1;12,6660006;TM_3
TEMPELMEIER;DB;TM_331AC_1;13,1361506;TM_3
TEMPELMEIER;DB;TM_332AC_1;12,65883541;TM_3
TEMPELMEIER;DB;TM_311AC_2;15,77733159;TM_3
TEMPELMEIER;DB;TM_312AC_2;16,30512619;TM_3
TEMPELMEIER;DB;TM_321AC_2;13,18056273;TM_3
TEMPELMEIER;DB;TM_322AC_2;12,87376809;TM_3
TEMPELMEIER;DB;TM_331AC_2;12,63400626;TM_3
TEMPELMEIER;DB;TM_332AC_2;12,61016893;TM_3
TEMPELMEIER;DB;TM_311GA_1;16,29892206;TM_3
TEMPELMEIER;DB;TM_312GA_1;15,95668507;TM_3
TEMPELMEIER;DB;TM_321GA_1;15,97452331;TM_3
TEMPELMEIER;DB;TM_322GA_1;16,21014285;TM_3
TEMPELMEIER;DB;TM_331GA_1;13,07946229;TM_3
TEMPELMEIER;DB;TM_332GA_1;12,83519077;TM_3
TEMPELMEIER;DB;TM_311GA_2;15,62493348;TM_3
TEMPELMEIER;DB;TM_312GA_2;17,24621701;TM_3
TEMPELMEIER;DB;TM_321GA_2;18,83293033;TM_3
TEMPELMEIER;DB;TM_322GA_2;19,98039055;TM_3
TEMPELMEIER;DB;TM_331GA_2;18,66768527;TM_3
TEMPELMEIER;DB;TM_332GA_2;17,3722136;TM_3
TEMPELMEIER;DB;TM_311GC_1;18,86131835;TM_3
TEMPELMEIER;DB;TM_312GC_1;18,3866818;TM_3
TEMPELMEIER;DB;TM_321GC_1;18,61063695;TM_3
TEMPELMEIER;DB;TM_322GC_1;14,88382673;TM_3
TEMPELMEIER;DB;TM_331GC_1;15,84677219;TM_3
TEMPELMEIER;DB;TM_332GC_1;14,14851117;TM_3
TEMPELMEIER;DB;TM_311GC_2;17,77029443;TM_3
TEMPELMEIER;DB;TM_312GC_2;16,09085369;TM_3
TEMPELMEIER;DB;TM_321GC_2;16,45308042;TM_3
TEMPELMEIER;DB;TM_322GC_2;12,82860231;TM_3
TEMPELMEIER;DB;TM_331GC_2;13,57233691;TM_3
TEMPELMEIER;DB;TM_332GC_2;13,79462743;TM_3
TEMPELMEIER;DB;TM_411AA_1;17,36221719;TM_4
TEMPELMEIER;DB;TM_412AA_1;16,55572844;TM_4
TEMPELMEIER;DB;TM_421AA_1;16,36201572;TM_4
TEMPELMEIER;DB;TM_422AA_1;16,27575803;TM_4
TEMPELMEIER;DB;TM_431AA_1;16,17683458;TM_4
TEMPELMEIER;DB;TM_432AA_1;16,38095236;TM_4
TEMPELMEIER;DB;TM_411AA_2;16,51240873;TM_4
TEMPELMEIER;DB;TM_412AA_2;16,39357543;TM_4
TEMPELMEIER;DB;TM_421AA_2;16,22472572;TM_4
TEMPELMEIER;DB;TM_422AA_2;16,57590699;TM_4
TEMPELMEIER;DB;TM_431AA_2;16,05834508;TM_4
TEMPELMEIER;DB;TM_432AA_2;16,06150031;TM_4
TEMPELMEIER;DB;TM_411AC_1;16,0347414;TM_4
TEMPELMEIER;DB;TM_412AC_1;16,43617773;TM_4
TEMPELMEIER;DB;TM_421AC_1;16,07446051;TM_4
TEMPELMEIER;DB;TM_422AC_1;16,05604672;TM_4
TEMPELMEIER;DB;TM_431AC_1;16,24207139;TM_4
TEMPELMEIER;DB;TM_432AC_1;16,408283;TM_4
TEMPELMEIER;DB;TM_411AC_2;15,94110298;TM_4
TEMPELMEIER;DB;TM_412AC_2;16,05105162;TM_4
TEMPELMEIER;DB;TM_421AC_2;16,40676284;TM_4
TEMPELMEIER;DB;TM_422AC_2;15,99397731;TM_4
TEMPELMEIER;DB;TM_431AC_2;17,61505055;TM_4
TEMPELMEIER;DB;TM_432AC_2;16,89673424;TM_4
TEMPELMEIER;DB;TM_411GA_1;16,42168283;TM_4
TEMPELMEIER;DB;TM_412GA_1;16,24412704;TM_4
TEMPELMEIER;DB;TM_421GA_1;16,11098552;TM_4
TEMPELMEIER;DB;TM_422GA_1;16,69248152;TM_4
TEMPELMEIER;DB;TM_431GA_1;16,54808903;TM_4
TEMPELMEIER;DB;TM_432GA_1;16,6806035;TM_4
TEMPELMEIER;DB;TM_411GA_2;16,1516571;TM_4
TEMPELMEIER;DB;TM_412GA_2;16,60313058;TM_4
TEMPELMEIER;DB;TM_421GA_2;16,44292021;TM_4
TEMPELMEIER;DB;TM_422GA_2;16,07816005;TM_4
TEMPELMEIER;DB;TM_431GA_2;15,87761164;TM_4
TEMPELMEIER;DB;TM_432GA_2;16,68943715;TM_4
TEMPELMEIER;DB;TM_411GC_1;16,01195788;TM_4
TEMPELMEIER;DB;TM_412GC_1;16,26174235;TM_4
TEMPELMEIER;DB;TM_421GC_1;16,60901976;TM_4
TEMPELMEIER;DB;TM_422GC_1;16,21603084;TM_4
TEMPELMEIER;DB;TM_431GC_1;15,87568331;TM_4
TEMPELMEIER;DB;TM_432GC_1;15,99844742;TM_4
TEMPELMEIER;DB;TM_411GC_2;16,80699229;TM_4
TEMPELMEIER;DB;TM_412GC_2;16,26545048;TM_4
TEMPELMEIER;DB;TM_421GC_2;16,2370224;TM_4
TEMPELMEIER;DB;TM_422GC_2;16,36275744;TM_4
TEMPELMEIER;DB;TM_431GC_2;17,24400187;TM_4
TEMPELMEIER;DB;TM_432GC_2;15,89729738;TM_4
TEMPELMEIER;DB;TM_511AA_1;16,74849606;TM_5
TEMPELMEIER;DB;TM_512AA_1;17,10561967;TM_5
TEMPELMEIER;DB;TM_521AA_1;16,39493608;TM_5
TEMPELMEIER;DB;TM_522AA_1;17,23493481;TM_5
TEMPELMEIER;DB;TM_531AA_1;16,8489542;TM_5
TEMPELMEIER;DB;TM_532AA_1;17,26447392;TM_5
TEMPELMEIER;DB;TM_511AA_2;16,27699971;TM_5
TEMPELMEIER;DB;TM_512AA_2;16,41560149;TM_5
TEMPELMEIER;DB;TM_521AA_2;17,16071963;TM_5
TEMPELMEIER;DB;TM_522AA_2;17,44894719;TM_5
TEMPELMEIER;DB;TM_531AA_2;19,54727292;TM_5
TEMPELMEIER;DB;TM_532AA_2;18,86002851;TM_5
TEMPELMEIER;DB;TM_511AC_1;17,01930714;TM_5
TEMPELMEIER;DB;TM_512AC_1;16,38248515;TM_5
TEMPELMEIER;DB;TM_521AC_1;16,55581331;TM_5
TEMPELMEIER;DB;TM_522AC_1;17,04111075;TM_5
TEMPELMEIER;DB;TM_531AC_1;16,90614057;TM_5
TEMPELMEIER;DB;TM_532AC_1;16,53616667;TM_5
TEMPELMEIER;DB;TM_511AC_2;16,60021806;TM_5
TEMPELMEIER;DB;TM_512AC_2;16,1953547;TM_5
TEMPELMEIER;DB;TM_521AC_2;16,09096527;TM_5
TEMPELMEIER;DB;TM_522AC_2;16,28898954;TM_5
TEMPELMEIER;DB;TM_531AC_2;16,38980293;TM_5
TEMPELMEIER;DB;TM_532AC_2;16,05113721;TM_5
TEMPELMEIER;DB;TM_511GA_1;16,00972009;TM_5
TEMPELMEIER;DB;TM_512GA_1;16,26968002;TM_5
TEMPELMEIER;DB;TM_521GA_1;16,40022278;TM_5
TEMPELMEIER;DB;TM_522GA_1;16,02575445;TM_5
TEMPELMEIER;DB;TM_531GA_1;19,0301981;TM_5
TEMPELMEIER;DB;TM_532GA_1;17,53018379;TM_5
TEMPELMEIER;DB;TM_511GA_2;16,83163691;TM_5
TEMPELMEIER;DB;TM_512GA_2;16,31202126;TM_5
TEMPELMEIER;DB;TM_521GA_2;17,27196693;TM_5
TEMPELMEIER;DB;TM_522GA_2;16,63263607;TM_5
TEMPELMEIER;DB;TM_531GA_2;16,77079797;TM_5
TEMPELMEIER;DB;TM_532GA_2;17,86485028;TM_5
TEMPELMEIER;DB;TM_511GC_1;21,16581893;TM_5
TEMPELMEIER;DB;TM_512GC_1;16,51873255;TM_5
TEMPELMEIER;DB;TM_521GC_1;16,59894323;TM_5
TEMPELMEIER;DB;TM_522GC_1;16,88252568;TM_5
TEMPELMEIER;DB;TM_531GC_1;16,88385534;TM_5
TEMPELMEIER;DB;TM_532GC_1;16,73649073;TM_5
TEMPELMEIER;DB;TM_511GC_2;17,34073806;TM_5
TEMPELMEIER;DB;TM_512GC_2;17,96144748;TM_5
TEMPELMEIER;DB;TM_521GC_2;19,14389586;TM_5
TEMPELMEIER;DB;TM_522GC_2;21,90345621;TM_5
TEMPELMEIER;DB;TM_531GC_2;17,13177848;TM_5
TEMPELMEIER;DB;TM_532GC_2;19,15832853;TM_5
TEMPELMEIER;DB;TM_611AA_1;18,55208969;TM_6
TEMPELMEIER;DB;TM_612AA_1;18,48013926;TM_6
TEMPELMEIER;DB;TM_621AA_1;17,40918398;TM_6
TEMPELMEIER;DB;TM_622AA_1;17,67061162;TM_6
TEMPELMEIER;DB;TM_631AA_1;17,26468873;TM_6
TEMPELMEIER;DB;TM_632AA_1;17,93827033;TM_6
TEMPELMEIER;DB;TM_611AA_2;17,07386994;TM_6
TEMPELMEIER;DB;TM_612AA_2;19,30834365;TM_6
TEMPELMEIER;DB;TM_621AA_2;18,4052279;TM_6
TEMPELMEIER;DB;TM_622AA_2;17,02721095;TM_6
TEMPELMEIER;DB;TM_631AA_2;17,58677554;TM_6
TEMPELMEIER;DB;TM_632AA_2;17,46196723;TM_6
TEMPELMEIER;DB;TM_611AC_1;17,63130021;TM_6
TEMPELMEIER;DB;TM_612AC_1;17,10897565;TM_6
TEMPELMEIER;DB;TM_621AC_1;17,61406302;TM_6
TEMPELMEIER;DB;TM_622AC_1;17,88791513;TM_6
TEMPELMEIER;DB;TM_631AC_1;17,73387313;TM_6
TEMPELMEIER;DB;TM_632AC_1;17,69809008;TM_6
TEMPELMEIER;DB;TM_611AC_2;17,75487185;TM_6
TEMPELMEIER;DB;TM_612AC_2;17,59223676;TM_6
TEMPELMEIER;DB;TM_621AC_2;16,86796069;TM_6
TEMPELMEIER;DB;TM_622AC_2;18,09639907;TM_6
TEMPELMEIER;DB;TM_631AC_2;17,01247311;TM_6
TEMPELMEIER;DB;TM_632AC_2;17,46356726;TM_6
TEMPELMEIER;DB;TM_611GA_1;16,78435946;TM_6
TEMPELMEIER;DB;TM_612GA_1;17,36559677;TM_6
TEMPELMEIER;DB;TM_621GA_1;16,81905389;TM_6
TEMPELMEIER;DB;TM_622GA_1;16,70344543;TM_6
TEMPELMEIER;DB;TM_631GA_1;17,56463861;TM_6
TEMPELMEIER;DB;TM_632GA_1;16,83127618;TM_6
TEMPELMEIER;DB;TM_611GA_2;18,3139174;TM_6
TEMPELMEIER;DB;TM_612GA_2;17,39478874;TM_6
TEMPELMEIER;DB;TM_621GA_2;16,54194164;TM_6
TEMPELMEIER;DB;TM_622GA_2;15,96366405;TM_6
TEMPELMEIER;DB;TM_631GA_2;15,68523335;TM_6
TEMPELMEIER;DB;TM_632GA_2;16,24685526;TM_6
TEMPELMEIER;DB;TM_611GC_1;15,5721736;TM_6
TEMPELMEIER;DB;TM_612GC_1;15,52425456;TM_6
TEMPELMEIER;DB;TM_621GC_1;15,49267483;TM_6
TEMPELMEIER;DB;TM_622GC_1;16,03572202;TM_6
TEMPELMEIER;DB;TM_631GC_1;15,50433707;TM_6
TEMPELMEIER;DB;TM_632GC_1;15,7096014;TM_6
TEMPELMEIER;DB;TM_611GC_2;16,39408326;TM_6
TEMPELMEIER;DB;TM_612GC_2;12,7059412;TM_6
TEMPELMEIER;DB;TM_621GC_2;12,36587858;TM_6
TEMPELMEIER;DB;TM_622GC_2;12,3839891;TM_6
TEMPELMEIER;DB;TM_631GC_2;12,42326903;TM_6
TEMPELMEIER;DB;TM_632GC_2;12,52449799;TM_6
